{"cameraMode":{"drawMode":0,"name":"Shaded","section":"Shading Mode"},"sceneLighting":false,"audioPlay":false,"sceneViewState":{"showFog":true,"showMaterialUpdate":false,"showSkybox":true,"showFlares":true,"showImageEffects":true,"showParticleSystems":true},"in2DMode":false,"pivot":{"x":-3.256465435028076,"y":-0.743408203125,"z":3.4770050048828127},"rotation":{"x":-0.0022942782379686834,"y":-0.9958706498146057,"z":0.08685988932847977,"w":-0.02630467154085636},"size":6.717286109924316,"orthographic":true}