{"cameraMode":{"drawMode":0,"name":"Shaded","section":"Shading Mode"},"sceneLighting":false,"audioPlay":false,"sceneViewState":{"showFog":true,"showMaterialUpdate":false,"showSkybox":true,"showFlares":true,"showImageEffects":true,"showParticleSystems":true},"in2DMode":false,"pivot":{"x":0.023011639714241029,"y":0.3582751750946045,"z":-0.12286096811294556},"rotation":{"x":0.04797515645623207,"y":-0.01648034155368805,"z":0.0007916690083220601,"w":0.9987122416496277},"size":3.3211417198181154,"orthographic":true}