{"cameraMode":{"drawMode":0,"name":"Shaded","section":"Shading Mode"},"sceneLighting":false,"audioPlay":false,"sceneViewState":{"showFog":true,"showMaterialUpdate":false,"showSkybox":true,"showFlares":true,"showImageEffects":true,"showParticleSystems":true},"in2DMode":false,"pivot":{"x":0.02662697434425354,"y":0.35920393466949465,"z":-0.1501268744468689},"rotation":{"x":0.047872401773929599,"y":-0.06737127155065537,"z":0.003236282616853714,"w":0.9965735673904419},"size":3.4098732471466066,"orthographic":true}