{"cameraMode":{"drawMode":0,"name":"Shaded","section":"Shading Mode"},"sceneLighting":false,"audioPlay":false,"sceneViewState":{"showFog":true,"showMaterialUpdate":false,"showSkybox":true,"showFlares":true,"showImageEffects":true,"showParticleSystems":true},"in2DMode":false,"pivot":{"x":-3.5299551486968996,"y":0.22610431909561158,"z":-0.02171117067337036},"rotation":{"x":-0.0022942782379686834,"y":-0.9958706498146057,"z":0.08685988932847977,"w":-0.02630467154085636},"size":2.171199083328247,"orthographic":true}